boat_model,filename,source_website,source_url,image_url,visible_licensing_copyright,reuse_license,width_px,height_px,sha256
Terhi 450,terhi-450/01-cover.jpg,Terhi / TerhiTec,https://terhi.fi/en/modelrange/terhi-450/,https://cdn.media.brandt.fi/3gJ9Xtpaas_8GZDQgN4sM0/Terhi-450-Naantali-24052023-hr-act-012_1600_900.jpg,"© Copyright, Terhi 2026.",No explicit reuse license displayed; copyright remains with the rights holder.,1350,900,4204e449858ab37d044f1fcc32ad8e6505fc21ef9488b700a792b22aefd7f668
Terhi 450,terhi-450/02-angle.jpg,Terhi / TerhiTec,https://terhi.fi/en/modelrange/terhi-450/,https://cdn.media.brandt.fi/Et12HyAHq188N5MZW26ZvH/Terhi-450-Naantali-24052023-hr-act-005_1600_900.jpg,"© Copyright, Terhi 2026.",No explicit reuse license displayed; copyright remains with the rights holder.,1350,900,bcd3e7e4b052d922093225893e62fc0714a862e8963bc7c4f95bd52144a0eeef
Terhi 450,terhi-450/03-detail.jpg,Terhi / TerhiTec,https://terhi.fi/en/modelrange/terhi-450/,https://cdn.media.brandt.fi/7m_2hjxiKURBPvma7uOhks/Terhi-450-Naantali-24052023-hr-act-024_1600_900.jpg,"© Copyright, Terhi 2026.",No explicit reuse license displayed; copyright remains with the rights holder.,1350,900,a17cd95ef83612210adbc22a04b53f5a46ad0bfa467ff9a427906a64ba67f8af
Bavaria Cruiser 37,bavaria-cruiser-37/01-cover.jpg,Star Yachting,https://www.star-yachting.fr/achat-yacht-occasion/bavaria-cruiser-37-1551,https://www.star-yachting.fr/media/1287386/starya-1551-1_1024x720.jpg,Copyright 2021 - Tous droits réservés.,No explicit reuse license displayed; copyright remains with the rights holder.,1024,720,cc2440f0ce36af986d16ab8ab4b34c9cf350de54fba9596f2b2d8bf7374f1dfc
Bavaria Cruiser 37,bavaria-cruiser-37/02-angle.jpg,Star Yachting,https://www.star-yachting.fr/achat-yacht-occasion/bavaria-cruiser-37-1551,https://www.star-yachting.fr/media/1287389/starya-1551-4_1080x720.jpg,Copyright 2021 - Tous droits réservés.,No explicit reuse license displayed; copyright remains with the rights holder.,1080,720,759f11ff04622793fdec134526bfac775f01af1b1878d01933d5549e5b521464
Bavaria Cruiser 37,bavaria-cruiser-37/03-detail.jpg,Star Yachting,https://www.star-yachting.fr/achat-yacht-occasion/bavaria-cruiser-37-1551,https://www.star-yachting.fr/media/1287404/starya-1551-19_960x720.jpg,Copyright 2021 - Tous droits réservés.,No explicit reuse license displayed; copyright remains with the rights holder.,960,720,e9478ec5c44af3314ffe1ebc3c8e6ce3643920df3dea10851786af5eaf6877c8
Lagoon 380,lagoon-380/01-cover.jpg,CatamaranSite / YachtSite,https://www.catamaransite.com/yachts-for-sale/lagoon-380-108/,https://dtsskelcze808.cloudfront.net/wp-content/uploads/2026/07/12042129/d67e4eed-5886-4d7c-bb55-bac360b7e9ea.jpg,© 2009–2026 YachtSite All Rights Reserved.,No explicit reuse license displayed; copyright remains with the rights holder.,1600,1200,14ab8a705f64738be42c3ca7788d8b67aca532b5334f1a6bec710d915f929461
Lagoon 380,lagoon-380/02-angle.jpg,CatamaranSite / YachtSite,https://www.catamaransite.com/yachts-for-sale/lagoon-380-108/,https://dtsskelcze808.cloudfront.net/wp-content/uploads/2026/07/12042020/IMG_8330-scaled.jpeg,© 2009–2026 YachtSite All Rights Reserved.,No explicit reuse license displayed; copyright remains with the rights holder.,1440,1920,591c4d09e196b05daee1e2de4b6b227e9f6e5e955d504e7186809a2fe48a3930
Lagoon 380,lagoon-380/03-detail.jpg,CatamaranSite / YachtSite,https://www.catamaransite.com/yachts-for-sale/lagoon-380-108/,https://dtsskelcze808.cloudfront.net/wp-content/uploads/2026/07/13041057/IMG_0067-1-scaled.jpeg,© 2009–2026 YachtSite All Rights Reserved.,No explicit reuse license displayed; copyright remains with the rights holder.,1440,1920,9bd83558968f7f8d0371499d9e8dbbb5680376331a4ee67033b8d0beff7aedd7
Hallberg-Rassy 312,hallberg-rassy-312/01-cover.jpg,Hallberg-Rassy,https://www.hallberg-rassy.com/yachts/previous-models/hallberg-rassy-312,https://www.hallberg-rassy.com/fileadmin/data/yachts/hallberg-rassy_312/galleries/exterior/201102021330-HR312Mk1sailing6.jpg,© Hallberg-Rassy Varvs AB - online since 1996; no individual photo credit shown.,No explicit reuse license displayed; copyright remains with the rights holder.,1920,1186,9019652b0223909bf495d864cf2891a83597d86b73bf3b547027f90e50cbf6db
Hallberg-Rassy 312,hallberg-rassy-312/02-angle.jpg,Hallberg-Rassy,https://www.hallberg-rassy.com/yachts/previous-models/hallberg-rassy-312,https://www.hallberg-rassy.com/fileadmin/data/yachts/hallberg-rassy_312/galleries/exterior/Hallberg-Rassy312naturhamn1.jpg,© Hallberg-Rassy Varvs AB - online since 1996; no individual photo credit shown.,No explicit reuse license displayed; copyright remains with the rights holder.,2560,1879,89a3837a1db3b676e5afb3440ee15ce53336f1c46ddbfd256440fdb3da6dba83
Hallberg-Rassy 312,hallberg-rassy-312/03-detail.jpg,Hallberg-Rassy,https://www.hallberg-rassy.com/yachts/previous-models/hallberg-rassy-312,https://www.hallberg-rassy.com/fileadmin/data/yachts/hallberg-rassy_312/galleries/interior/HR312MkIsaloon6.jpg,© Hallberg-Rassy Varvs AB - online since 1996; no individual photo credit shown.,No explicit reuse license displayed; copyright remains with the rights holder.,1500,1001,6349c232e25c851b11e3a13b491438ae9800dd6af1dfe605f11e5d6554c7babb
Jeanneau Merry Fisher 695,jeanneau-merry-fisher-695/01-cover.jpg,Yachtall / Yachtino,https://www.yachtall.com/en/boat/jeanneau-merry-fisher-695-s312570,https://image.yachtall.com/image/sboat/0/312/570/huge-2fberbkvgl.jpg,© 2003 - 2026 Yachtino GmbH.,No explicit reuse license displayed; copyright remains with the rights holder.,1280,960,f09101d1f9123ef2cafe5dcfca625fa387601d5b8b0ebc91059fadd06d898e2b
Jeanneau Merry Fisher 695,jeanneau-merry-fisher-695/02-angle.jpg,Yachtall / Yachtino,https://www.yachtall.com/en/boat/jeanneau-merry-fisher-695-s312570,https://image.yachtall.com/image/sboat/0/312/570/huge-a1ncyiq1bm.jpg,© 2003 - 2026 Yachtino GmbH.,No explicit reuse license displayed; copyright remains with the rights holder.,1280,960,09ce83e487c28d4eb1cb081033baa7aabe3358de205148d22b7276b6b8a71e39
Jeanneau Merry Fisher 695,jeanneau-merry-fisher-695/03-detail.jpg,Bateaux et Yachts / Yachtino (Marine West listing),https://www.bateaux-et-yachts.fr/fr/jeanneau-merry-fisher-695-s306906,https://www.boat-images.com/image/sboat/0/306/906/huge-6lx7hq2p3j.jpg,© 2026 Yachtino GmbH.,No explicit reuse license displayed; copyright remains with the rights holder.,1280,960,9c99097e77b873ad764ed339008aa27f5b794144a651d3bdfc4204d3f2b823c5
Etap 21i,etap-21i/01-cover.jpg,Burton Waters Boat Sales,https://www.burtonwaters.co.uk/boats/etap-21i-10080903/,https://www.burtonwaters.co.uk/boatImgs/10080903/10080903-2892911454-3.jpg,© Copyright 2026 Burton Waters Marina Ltd.,No explicit reuse license displayed; copyright remains with the rights holder.,5712,3808,e9d630523ef2a68179c524bc68ce70123daefa24b7badad34f5f66eda2c05c4a
Etap 21i,etap-21i/02-angle.jpg,Burton Waters Boat Sales,https://www.burtonwaters.co.uk/boats/etap-21i-10080903/,https://www.burtonwaters.co.uk/boatImgs/10080903/10080903-2893283191-0.jpg,© Copyright 2026 Burton Waters Marina Ltd.,No explicit reuse license displayed; copyright remains with the rights holder.,1600,1067,338547b6a35c54f6ba9960eede1c2cb18aad109459007b982466b95928fe6b6b
Etap 21i,etap-21i/03-detail.jpg,Burton Waters Boat Sales,https://www.burtonwaters.co.uk/boats/etap-21i-10080903/,https://www.burtonwaters.co.uk/boatImgs/10080903/10080903-2877562542-8.jpg,© Copyright 2026 Burton Waters Marina Ltd.,No explicit reuse license displayed; copyright remains with the rights holder.,4032,3024,63ef0ba8221710e98b3a82a6dd3fc1116cfb745e660d82f1ceb638a5992c9d79
Zodiac Medline 7.5,zodiac-medline-7-5/01-cover.jpg,Rioux Nautique,https://www.rioux-nautique.com/achat-bateaux-occasion/zodiac-medline-7-5-yamaha-f300-ncb-2022-88h,https://www.rioux-nautique.com/wp-content/uploads/./zodiac-medline-7-5-19-1600x1100.jpeg,No image-specific copyright credit or license displayed on the listing.,No explicit reuse license displayed; copyright remains with the rights holder.,1600,1100,374343f06efb306c4db951a2747c237a1d9ce4772285d9bba542adbcbdf37ff3
Zodiac Medline 7.5,zodiac-medline-7-5/02-angle.jpg,Rioux Nautique,https://www.rioux-nautique.com/achat-bateaux-occasion/zodiac-medline-7-5-yamaha-f300-ncb-2022-88h,https://www.rioux-nautique.com/wp-content/uploads/./zodiac-medline-7-5-18-1600x1100.jpeg,No image-specific copyright credit or license displayed on the listing.,No explicit reuse license displayed; copyright remains with the rights holder.,1600,1100,400efa0d0a8f45fec8809d76ce2415b0a23960c3b75e3869644c9c73d63ec56b
Zodiac Medline 7.5,zodiac-medline-7-5/03-detail.jpg,Rioux Nautique,https://www.rioux-nautique.com/achat-bateaux-occasion/zodiac-medline-7-5-yamaha-f300-ncb-2022-88h,https://www.rioux-nautique.com/wp-content/uploads/./zodiac-medline-7-5-13-2000x1100.jpeg,No image-specific copyright credit or license displayed on the listing.,No explicit reuse license displayed; copyright remains with the rights holder.,2000,1100,43332355bf2b8c4b84ab120f6729b214c29a4faaeffc38e29c2828257b38a460
Interboat 22 Classic,interboat-22-classic/01-cover.jpg,Interboat,https://www.interboat.com/interboat-22-2006-classic1727956703,https://cdn.interboat.nl/webp/image0000170.webp,"2026, All rights reserved.",No explicit reuse license displayed; copyright remains with the rights holder.,2000,1500,9fc16c79d1df064755e4fd5a2e11a49ea8f61dfb17a2d6c5ab421da866392598
Interboat 22 Classic,interboat-22-classic/02-angle.jpg,Interboat,https://www.interboat.com/interboat-22-2006-classic1727956703,https://cdn.interboat.nl/webp/image0000261.webp,"2026, All rights reserved.",No explicit reuse license displayed; copyright remains with the rights holder.,2000,1500,f123db8f2528e748728c45bb49adc5311304d73af72ad8bc0e6e15df79d4c7d5
Interboat 22 Classic,interboat-22-classic/03-detail.jpg,Interboat,https://www.interboat.com/interboat-22-2006-classic1727956703,https://cdn.interboat.nl/webp/image0000358.webp,"2026, All rights reserved.",No explicit reuse license displayed; copyright remains with the rights holder.,2000,1500,319b3d44a281f3ccaa8e40f42cc7ffe93a7f11bda48d467542390c3946a8c0b5
